day,material,inventory_t,shipment_t_per_d,external_source_t_per_d
1,0#柴油,50277.65,0.0,0.0
1,1#渣油,31506.40825,0.0,0.0
1,2#渣油,0.0,0.0,0.0
1,3#喷气燃料,24084.0,0.0,0.0
1,92#汽油,33437.75,0.0,0.0
1,95#汽油,24974.125,0.0,0.0
1,C12,0.0,0.237841,0.0
1,C4,0.0,270.035999,0.0
1,MTBE,6232.5381,32.74371,0.0
1,OG气,0.0,5.820608,0.0
1,RCO,17558.8875,0.0,0.0
1,YCO,21460.8625,0.0,16210.0
1,不合格丙烯,0.0,0.0,0.0
1,不合格液化气,0.0,0.0,0.0
1,丙烯,861.997145,0.0,0.0
1,丙烷,764.33121,67.822011,0.0
1,丙苯,0.0,4.706703,0.0
1,乙苯,3817.260974,0.0,0.0
1,催化柴油,19246.743,1169.782394,0.0
1,催化汽油,7031.68025,2277.270548,0.0
1,净化干气,0.0,221.382705,0.0
1,常压直馏柴油,7122.2,8425.958,0.0
1,常压石脑油,7902.0,1847.94,0.0
1,干气,0.0,0.0,324.23065
1,戊烷,0.0,43.076142,0.0
1,次品MTBE,0.0,0.0,0.0
1,次品SBA,0.0,0.0,0.0
1,污油,0.0,0.0,0.0
1,油浆,0.0,28.062597,0.0
1,液化气,0.0,0.0,0.0
1,烃化尾气,0.0,120.303321,0.0
1,烃化液,1325.26,0.0,0.0
1,焦油,0.0,1.625765,0.0
1,焦炭,0.0,329.742076,0.0
1,燃料气,0.0,0.026186,0.0
1,瓦斯气,0.0,23.887152,0.0
1,甲苯,0.0,4.07975,0.0
1,甲醇原料,839.5,0.0,12.248392
1,石油苯,1551.0,0.0,87.921206
1,石脑油,0.0,29.743053,0.0
1,石脑油Ⅲ,0.0,54.733877,0.0
1,粗酯,0.0,2.523757,0.0
1,精制液化气,0.0,0.0,0.0
1,聚丙烯,0.0,184.339469,0.0
1,脱氢尾气,0.0,2.356624,0.0
1,脱氢液,1377.48196,0.0,0.0
1,航煤原料,8143.2,176.708,0.0
1,航煤组分油,0.0,1323.321347,0.0
1,苯,0.0,0.0,0.0
1,苯乙烯,5488.2,143.435433,0.0
1,酯后碳四,0.0,97.633708,0.0
1,酸性气,0.0,92.261782,0.0
1,酸性水,0.0,0.0,0.0
1,醋酸仲丁酯,824.0,67.269348,0.0
1,醋酸原料,583.0,0.0,37.407095
1,醚后C4,0.0,0.0,0.0
1,高沸物,0.0,1.213283,0.0
2,0#柴油,50277.65,0.0,0.0
2,1#渣油,30538.7965,0.0,0.0
2,2#渣油,0.0,0.0,0.0
2,3#喷气燃料,24084.0,0.0,0.0
2,92#汽油,33437.75,0.0,0.0
2,95#汽油,24974.125,0.0,0.0
2,C12,0.0,0.237841,0.0
2,C4,0.0,270.035999,0.0
2,MTBE,6232.5381,32.74371,0.0
2,OG气,0.0,5.820608,0.0
2,RCO,17558.8875,0.0,0.0
2,YCO,21460.8625,0.0,16210.0
2,不合格丙烯,0.0,0.0,0.0
2,不合格液化气,0.0,0.0,0.0
2,丙烯,883.229959,0.0,0.0
2,丙烷,764.33121,67.822011,0.0
2,丙苯,0.0,4.706703,0.0
2,乙苯,3798.571947,0.0,0.0
2,催化柴油,19246.743,1169.782394,0.0
2,催化汽油,7031.68025,2277.270548,0.0
2,净化干气,0.0,221.382705,0.0
2,常压直馏柴油,7122.2,8425.958,0.0
2,常压石脑油,7902.0,1847.94,0.0
2,干气,0.0,0.0,324.23065
2,戊烷,0.0,43.076142,0.0
2,次品MTBE,0.0,0.0,0.0
2,次品SBA,0.0,0.0,0.0
2,污油,0.0,0.0,0.0
2,油浆,0.0,28.062597,0.0
2,液化气,0.0,0.0,0.0
2,烃化尾气,0.0,120.303321,0.0
2,烃化液,1325.26,0.0,0.0
2,焦油,0.0,1.625765,0.0
2,焦炭,0.0,329.742076,0.0
2,燃料气,0.0,0.026186,0.0
2,瓦斯气,0.0,23.887152,0.0
2,甲苯,0.0,4.07975,0.0
2,甲醇原料,839.5,0.0,12.248392
2,石油苯,1551.0,0.0,87.921206
2,石脑油,0.0,29.743053,0.0
2,石脑油Ⅲ,0.0,54.733877,0.0
2,粗酯,0.0,2.523757,0.0
2,精制液化气,0.0,0.0,0.0
2,聚丙烯,0.0,184.339469,0.0
2,脱氢尾气,0.0,2.356624,0.0
2,脱氢液,1352.65392,0.0,0.0
2,航煤原料,8143.2,176.708,0.0
2,航煤组分油,0.0,1323.321347,0.0
2,苯,0.0,0.0,0.0
2,苯乙烯,5488.2,143.435433,0.0
2,酯后碳四,0.0,97.633708,0.0
2,酸性气,0.0,92.261782,0.0
2,酸性水,0.0,0.0,0.0
2,醋酸仲丁酯,824.0,67.269348,0.0
2,醋酸原料,583.0,0.0,37.407095
2,醚后C4,0.0,0.0,0.0
2,高沸物,0.0,1.213283,0.0
3,0#柴油,50277.65,0.0,0.0
3,1#渣油,29571.18475,0.0,0.0
3,2#渣油,0.0,0.0,0.0
3,3#喷气燃料,24084.0,0.0,0.0
3,92#汽油,33437.75,0.0,0.0
3,95#汽油,24974.125,0.0,0.0
3,C12,0.0,0.237841,0.0
3,C4,0.0,270.035999,0.0
3,MTBE,6232.5381,32.74371,0.0
3,OG气,0.0,5.820608,0.0
3,RCO,17558.8875,0.0,0.0
3,YCO,21460.8625,0.0,16210.0
3,不合格丙烯,0.0,0.0,0.0
3,不合格液化气,0.0,0.0,0.0
3,丙烯,904.462773,0.0,0.0
3,丙烷,764.33121,67.822011,0.0
3,丙苯,0.0,4.706703,0.0
3,乙苯,3779.882921,0.0,0.0
3,催化柴油,19246.743,1169.782394,0.0
3,催化汽油,7031.68025,2277.270548,0.0
3,净化干气,0.0,221.382705,0.0
3,常压直馏柴油,7122.2,8425.958,0.0
3,常压石脑油,7902.0,1847.94,0.0
3,干气,0.0,0.0,324.23065
3,戊烷,0.0,43.076142,0.0
3,次品MTBE,0.0,0.0,0.0
3,次品SBA,0.0,0.0,0.0
3,污油,0.0,0.0,0.0
3,油浆,0.0,28.062597,0.0
3,液化气,0.0,0.0,0.0
3,烃化尾气,0.0,120.303321,0.0
3,烃化液,1325.26,0.0,0.0
3,焦油,0.0,1.625765,0.0
3,焦炭,0.0,329.742076,0.0
3,燃料气,0.0,0.026186,0.0
3,瓦斯气,0.0,23.887152,0.0
3,甲苯,0.0,4.07975,0.0
3,甲醇原料,839.5,0.0,12.248392
3,石油苯,1551.0,0.0,87.921206
3,石脑油,0.0,29.743053,0.0
3,石脑油Ⅲ,0.0,54.733877,0.0
3,粗酯,0.0,2.523757,0.0
3,精制液化气,0.0,0.0,0.0
3,聚丙烯,0.0,184.339469,0.0
3,脱氢尾气,0.0,2.356624,0.0
3,脱氢液,1327.82588,0.0,0.0
3,航煤原料,8143.2,176.708,0.0
3,航煤组分油,0.0,1323.321347,0.0
3,苯,0.0,0.0,0.0
3,苯乙烯,5488.2,143.435433,0.0
3,酯后碳四,0.0,97.633708,0.0
3,酸性气,0.0,92.261782,0.0
3,酸性水,0.0,0.0,0.0
3,醋酸仲丁酯,824.0,67.269348,0.0
3,醋酸原料,583.0,0.0,37.407095
3,醚后C4,0.0,0.0,0.0
3,高沸物,0.0,1.213283,0.0
4,0#柴油,50277.65,0.0,0.0
4,1#渣油,28603.573,0.0,0.0
4,2#渣油,0.0,0.0,0.0
4,3#喷气燃料,24084.0,0.0,0.0
4,92#汽油,33437.75,0.0,0.0
4,95#汽油,24974.125,0.0,0.0
4,C12,0.0,0.237841,0.0
4,C4,0.0,270.035999,0.0
4,MTBE,6232.5381,32.74371,0.0
4,OG气,0.0,5.820608,0.0
4,RCO,17558.8875,0.0,0.0
4,YCO,21460.8625,0.0,16210.0
4,不合格丙烯,0.0,0.0,0.0
4,不合格液化气,0.0,0.0,0.0
4,丙烯,925.695587,0.0,0.0
4,丙烷,764.33121,67.822011,0.0
4,丙苯,0.0,4.706703,0.0
4,乙苯,3761.193894,0.0,0.0
4,催化柴油,19246.743,1169.782394,0.0
4,催化汽油,7031.68025,2277.270548,0.0
4,净化干气,0.0,221.382705,0.0
4,常压直馏柴油,7122.2,8425.958,0.0
4,常压石脑油,7902.0,1847.94,0.0
4,干气,0.0,0.0,324.23065
4,戊烷,0.0,43.076142,0.0
4,次品MTBE,0.0,0.0,0.0
4,次品SBA,0.0,0.0,0.0
4,污油,0.0,0.0,0.0
4,油浆,0.0,28.062597,0.0
4,液化气,0.0,0.0,0.0
4,烃化尾气,0.0,120.303321,0.0
4,烃化液,1325.26,0.0,0.0
4,焦油,0.0,1.625765,0.0
4,焦炭,0.0,329.742076,0.0
4,燃料气,0.0,0.026186,0.0
4,瓦斯气,0.0,23.887152,0.0
4,甲苯,0.0,4.07975,0.0
4,甲醇原料,839.5,0.0,12.248392
4,石油苯,1551.0,0.0,87.921206
4,石脑油,0.0,29.743053,0.0
4,石脑油Ⅲ,0.0,54.733877,0.0
4,粗酯,0.0,2.523757,0.0
4,精制液化气,0.0,0.0,0.0
4,聚丙烯,0.0,184.339469,0.0
4,脱氢尾气,0.0,2.356624,0.0
4,脱氢液,1302.99784,0.0,0.0
4,航煤原料,8143.2,176.708,0.0
4,航煤组分油,0.0,1323.321347,0.0
4,苯,0.0,0.0,0.0
4,苯乙烯,5488.2,143.435433,0.0
4,酯后碳四,0.0,97.633708,0.0
4,酸性气,0.0,92.261782,0.0
4,酸性水,0.0,0.0,0.0
4,醋酸仲丁酯,824.0,67.269348,0.0
4,醋酸原料,583.0,0.0,37.407095
4,醚后C4,0.0,0.0,0.0
4,高沸物,0.0,1.213283,0.0
5,0#柴油,50277.65,0.0,0.0
5,1#渣油,29893.722,0.0,0.0
5,2#渣油,0.0,29.462648,0.0
5,3#喷气燃料,24084.0,0.0,0.0
5,92#汽油,33437.75,0.0,0.0
5,95#汽油,24974.125,0.0,0.0
5,C12,0.0,0.237841,0.0
5,C4,0.0,169.824487,0.0
5,MTBE,6232.5381,32.74371,0.0
5,OG气,0.0,5.820082,0.0
5,RCO,17558.8875,0.0,0.0
5,YCO,21460.8625,0.0,16210.0
5,不合格丙烯,0.0,0.0,0.0
5,不合格液化气,0.0,0.0,0.0
5,丙烯,897.385168,0.0,0.0
5,丙烷,764.33121,52.044987,0.0
5,丙苯,0.0,4.706703,0.0
5,乙苯,3742.504868,0.0,0.0
5,催化柴油,19246.743,443.841545,0.0
5,催化汽油,7031.68025,1235.34234,0.0
5,净化干气,0.0,221.382705,0.0
5,常压直馏柴油,7122.2,8425.958,0.0
5,常压石脑油,7902.0,1847.94,0.0
5,干气,0.0,0.0,394.229979
5,戊烷,0.0,33.0556,0.0
5,次品MTBE,0.0,0.0,0.0
5,次品SBA,0.0,0.0,0.0
5,污油,0.0,0.0,0.0
5,油浆,0.0,0.0,0.0
5,液化气,0.0,0.0,0.0
5,烃化尾气,0.0,120.303321,0.0
5,烃化液,1325.26,0.0,0.0
5,焦油,0.0,1.625765,0.0
5,焦炭,0.0,151.366304,0.0
5,燃料气,0.0,0.020095,0.0
5,瓦斯气,0.0,23.887152,0.0
5,甲苯,0.0,4.07975,0.0
5,甲醇原料,839.5,0.0,12.248392
5,石油苯,1551.0,0.0,87.921206
5,石脑油,0.0,29.743053,0.0
5,石脑油Ⅲ,0.0,0.0,0.0
5,粗酯,0.0,2.523757,0.0
5,精制液化气,0.0,0.0,0.0
5,聚丙烯,0.0,184.322811,0.0
5,脱氢尾气,0.0,2.356624,0.0
5,脱氢液,1278.1698,0.0,0.0
5,航煤原料,8143.2,176.708,0.0
5,航煤组分油,0.0,1323.321347,0.0
5,苯,0.0,0.0,0.0
5,苯乙烯,5488.2,143.435433,0.0
5,酯后碳四,0.0,97.633708,0.0
5,酸性气,0.0,91.938932,0.0
5,酸性水,0.0,0.0,0.0
5,醋酸仲丁酯,824.0,67.269348,0.0
5,醋酸原料,583.0,0.0,37.407095
5,醚后C4,0.0,0.0,0.0
5,高沸物,0.0,1.213283,0.0
6,0#柴油,50277.65,0.0,0.0
6,1#渣油,31183.871,0.0,0.0
6,2#渣油,0.0,29.462648,0.0
6,3#喷气燃料,24084.0,0.0,0.0
6,92#汽油,33437.75,0.0,0.0
6,95#汽油,24974.125,0.0,0.0
6,C12,0.0,0.237841,0.0
6,C4,0.0,169.824487,0.0
6,MTBE,6232.5381,32.74371,0.0
6,OG气,0.0,5.820082,0.0
6,RCO,17558.8875,0.0,0.0
6,YCO,21460.8625,0.0,16210.0
6,不合格丙烯,0.0,0.0,0.0
6,不合格液化气,0.0,0.0,0.0
6,丙烯,869.07475,0.0,0.0
6,丙烷,764.33121,52.044987,0.0
6,丙苯,0.0,4.706703,0.0
6,乙苯,3725.227434,0.0,0.0
6,催化柴油,19246.743,443.841545,0.0
6,催化汽油,7031.68025,1235.34234,0.0
6,净化干气,0.0,221.382705,0.0
6,常压直馏柴油,7122.2,8425.958,0.0
6,常压石脑油,7902.0,1847.94,0.0
6,干气,0.0,0.0,394.229979
6,戊烷,0.0,33.0556,0.0
6,次品MTBE,0.0,0.0,0.0
6,次品SBA,0.0,0.0,0.0
6,污油,0.0,0.0,0.0
6,油浆,0.0,0.0,0.0
6,液化气,0.0,0.0,0.0
6,烃化尾气,0.0,120.303321,0.0
6,烃化液,1325.26,0.0,0.0
6,焦油,0.0,0.0,0.0
6,焦炭,0.0,151.366304,0.0
6,燃料气,0.0,0.020095,0.0
6,瓦斯气,0.0,23.887152,0.0
6,甲苯,0.0,0.0,0.0
6,甲醇原料,839.5,0.0,12.248392
6,石油苯,1551.0,0.0,87.921206
6,石脑油,0.0,29.743053,0.0
6,石脑油Ⅲ,0.0,0.0,0.0
6,粗酯,0.0,2.523757,0.0
6,精制液化气,0.0,0.0,0.0
6,聚丙烯,0.0,184.322811,0.0
6,脱氢尾气,0.0,2.330918,0.0
6,脱氢液,1402.31,0.0,0.0
6,航煤原料,8143.2,176.708,0.0
6,航煤组分油,0.0,1323.321347,0.0
6,苯,0.0,0.0,0.0
6,苯乙烯,5488.2,0.0,0.0
6,酯后碳四,0.0,97.633708,0.0
6,酸性气,0.0,91.938932,0.0
6,酸性水,0.0,0.0,0.0
6,醋酸仲丁酯,824.0,67.269348,0.0
6,醋酸原料,583.0,0.0,37.407095
6,醚后C4,0.0,0.0,0.0
6,高沸物,0.0,1.213283,0.0
7,0#柴油,50277.65,0.0,0.0
7,1#渣油,32474.02,0.0,0.0
7,2#渣油,0.0,29.462648,0.0
7,3#喷气燃料,24084.0,0.0,0.0
7,92#汽油,33437.75,0.0,0.0
7,95#汽油,24974.125,0.0,0.0
7,C12,0.0,0.237841,0.0
7,C4,0.0,169.824487,0.0
7,MTBE,6232.5381,32.74371,0.0
7,OG气,0.0,5.820082,0.0
7,RCO,17558.8875,0.0,0.0
7,YCO,21460.8625,0.0,16210.0
7,不合格丙烯,0.0,0.0,0.0
7,不合格液化气,0.0,0.0,0.0
7,丙烯,840.764331,0.0,0.0
7,丙烷,764.33121,52.044987,0.0
7,丙苯,0.0,4.706703,0.0
7,乙苯,3835.95,0.0,0.0
7,催化柴油,19246.743,443.841545,0.0
7,催化汽油,7031.68025,1235.34234,0.0
7,净化干气,0.0,221.382705,0.0
7,常压直馏柴油,7122.2,8425.958,0.0
7,常压石脑油,7902.0,1847.94,0.0
7,干气,0.0,0.0,394.229979
7,戊烷,0.0,33.0556,0.0
7,次品MTBE,0.0,0.0,0.0
7,次品SBA,0.0,0.0,0.0
7,污油,0.0,0.0,0.0
7,油浆,0.0,0.0,0.0
7,液化气,0.0,0.0,0.0
7,烃化尾气,0.0,120.303321,0.0
7,烃化液,1325.26,0.0,0.0
7,焦油,0.0,0.0,0.0
7,焦炭,0.0,151.366304,0.0
7,燃料气,0.0,0.020095,0.0
7,瓦斯气,0.0,23.887152,0.0
7,甲苯,0.0,0.0,0.0
7,甲醇原料,839.5,0.0,12.248392
7,石油苯,1551.0,0.0,87.921206
7,石脑油,0.0,29.743053,0.0
7,石脑油Ⅲ,0.0,0.0,0.0
7,粗酯,0.0,2.523757,0.0
7,精制液化气,0.0,0.0,0.0
7,聚丙烯,0.0,184.322811,0.0
7,脱氢尾气,0.0,0.0,0.0
7,脱氢液,1402.31,0.0,0.0
7,航煤原料,8143.2,176.708,0.0
7,航煤组分油,0.0,1323.321347,0.0
7,苯,0.0,0.0,0.0
7,苯乙烯,5488.2,0.0,0.0
7,酯后碳四,0.0,97.633708,0.0
7,酸性气,0.0,91.938932,0.0
7,酸性水,0.0,0.0,0.0
7,醋酸仲丁酯,824.0,67.269348,0.0
7,醋酸原料,583.0,0.0,37.407095
7,醚后C4,0.0,0.0,0.0
7,高沸物,0.0,1.213283,0.0
